1488360386540 `}l2i31TP8d^aN7WjaTT event_whenbackdropswitchesto {} {"BACKDROP":{"name":"BACKDROP","value":"level3"}} 6xCUX4hDX{CkB5)p-..6 undefined null false
1488360386540 6xCUX4hDX{CkB5)p-..6 motion_gotoxy {"X":{"name":"X","block":"Tp!*:*eOe,be2[t0xIeG","shadow":"Tp!*:*eOe,be2[t0xIeG"},"Y":{"name":"Y","block":"mDhQSV-U}N7).0p77sDs","shadow":"mDhQSV-U}N7).0p77sDs"}} {} null undefined `}l2i31TP8d^aN7WjaTT false
1488360386540 Tp!*:*eOe,be2[t0xIeG math_number {} {"NUM":{"name":"NUM","value":-203}} null undefined 6xCUX4hDX{CkB5)p-..6 true
1488360386540 mDhQSV-U}N7).0p77sDs math_number {} {"NUM":{"name":"NUM","value":143}} null undefined 6xCUX4hDX{CkB5)p-..6 true
1488360386540 y1B8Xb#i*3w],D+WjW*W event_whenflagclicked {} {} {1?CHt/xpNb9B;.4.`/^ undefined null false
1488360386540 {1?CHt/xpNb9B;.4.`/^ motion_gotoxy {"X":{"name":"X","block":"slw1w[bUnk7APwx0vb6A","shadow":"slw1w[bUnk7APwx0vb6A"},"Y":{"name":"Y","block":"GpuvhSHw}7]}6^KhYN?-","shadow":"GpuvhSHw}7]}6^KhYN?-"}} {} |EnW*@Z0}x5/[{]KTuC| undefined y1B8Xb#i*3w],D+WjW*W false
1488360386540 slw1w[bUnk7APwx0vb6A math_number {} {"NUM":{"name":"NUM","value":-195}} null undefined {1?CHt/xpNb9B;.4.`/^ true
1488360386540 GpuvhSHw}7]}6^KhYN?- math_number {} {"NUM":{"name":"NUM","value":143}} null undefined {1?CHt/xpNb9B;.4.`/^ true
1488360386540 |EnW*@Z0}x5/[{]KTuC| looks_show {} {} pbJlo^fom7c-n7ApSqf. undefined {1?CHt/xpNb9B;.4.`/^ false
1488360386540 pbJlo^fom7c-n7ApSqf. control_forever {"SUBSTACK":{"name":"SUBSTACK","block":"T@A20`=mP.V3v^lwc6rU","shadow":null}} {} null undefined |EnW*@Z0}x5/[{]KTuC| false
1488360386540 T@A20`=mP.V3v^lwc6rU control_if {"CONDITION":{"name":"CONDITION","block":"7=mRX;KqPV2~H?wjkbL|","shadow":null},"SUBSTACK":{"name":"SUBSTACK","block":"lsi;k=*,iCy}y,#w)9|W","shadow":null}} {} QiPa05,rYfYU7Q/9OuqS undefined pbJlo^fom7c-n7ApSqf. false
1488360386540 7=mRX;KqPV2~H?wjkbL| sensing_keypressed {"KEY_OPTION":{"name":"KEY_OPTION","block":"mlWC2z^70b-[lah;#tzG","shadow":"mlWC2z^70b-[lah;#tzG"}} {} null undefined T@A20`=mP.V3v^lwc6rU false
1488360386540 mlWC2z^70b-[lah;#tzG sensing_keyoptions {} {"KEY_OPTION":{"name":"KEY_OPTION","value":"up arrow"}} null undefined 7=mRX;KqPV2~H?wjkbL| true
1488360386540 lsi;k=*,iCy}y,#w)9|W motion_pointindirection {"DIRECTION":{"name":"DIRECTION","block":"j1-61Px(9g5[eDBp:DEB","shadow":"j1-61Px(9g5[eDBp:DEB"}} {} 2[H4=[|jvO@Z]5+jollu undefined T@A20`=mP.V3v^lwc6rU false
1488360386540 j1-61Px(9g5[eDBp:DEB math_angle {} {"NUM":{"name":"NUM","value":"135"}} null undefined lsi;k=*,iCy}y,#w)9|W true
1488360386540 2[H4=[|jvO@Z]5+jollu motion_movesteps {"STEPS":{"name":"STEPS","block":"p,cl]:*uQ{Omi*I(`vwV","shadow":"p,cl]:*uQ{Omi*I(`vwV"}} {} null undefined lsi;k=*,iCy}y,#w)9|W false
1488360386540 p,cl]:*uQ{Omi*I(`vwV math_number {} {"NUM":{"name":"NUM","value":10}} null undefined 2[H4=[|jvO@Z]5+jollu true
1488360386540 QiPa05,rYfYU7Q/9OuqS control_if {"CONDITION":{"name":"CONDITION","block":")/H@I|G?!=,tw|vX~iY4","shadow":null},"SUBSTACK":{"name":"SUBSTACK","block":"/MRNOckKl|BLUgsS0HYX","shadow":null}} {} null undefined T@A20`=mP.V3v^lwc6rU false
1488360386540 )/H@I|G?!=,tw|vX~iY4 sensing_touchingobject {"TOUCHINGOBJECTMENU":{"name":"TOUCHINGOBJECTMENU","block":"RYZN_iOTHN2Am[;V3-_q","shadow":"RYZN_iOTHN2Am[;V3-_q"}} {} null undefined QiPa05,rYfYU7Q/9OuqS false
1488360386540 RYZN_iOTHN2Am[;V3-_q sensing_touchingobjectmenu {} {"TOUCHINGOBJECTMENU":{"name":"TOUCHINGOBJECTMENU","value":"Stop"}} null undefined )/H@I|G?!=,tw|vX~iY4 true
1488360386540 /MRNOckKl|BLUgsS0HYX looks_switchbackdropto {"BACKDROP":{"name":"BACKDROP","block":"[_p9[kQt;Ykh][,s=nW^","shadow":"[_p9[kQt;Ykh][,s=nW^"}} {} null undefined QiPa05,rYfYU7Q/9OuqS false
1488360386540 [_p9[kQt;Ykh][,s=nW^ looks_backdrops {} {"BACKDROP":{"name":"BACKDROP","value":"level3"}} null undefined /MRNOckKl|BLUgsS0HYX true
1488360388569 `}l2i31TP8d^aN7WjaTT event_whenbackdropswitchesto {} {"BACKDROP":{"name":"BACKDROP","value":"level3"}} 6xCUX4hDX{CkB5)p-..6 undefined null false
1488360388569 6xCUX4hDX{CkB5)p-..6 motion_gotoxy {"X":{"name":"X","block":"Tp!*:*eOe,be2[t0xIeG","shadow":"Tp!*:*eOe,be2[t0xIeG"},"Y":{"name":"Y","block":"mDhQSV-U}N7).0p77sDs","shadow":"mDhQSV-U}N7).0p77sDs"}} {} null undefined `}l2i31TP8d^aN7WjaTT false
1488360388569 Tp!*:*eOe,be2[t0xIeG math_number {} {"NUM":{"name":"NUM","value":-203}} null undefined 6xCUX4hDX{CkB5)p-..6 true
1488360388569 mDhQSV-U}N7).0p77sDs math_number {} {"NUM":{"name":"NUM","value":143}} null undefined 6xCUX4hDX{CkB5)p-..6 true
1488360388569 y1B8Xb#i*3w],D+WjW*W event_whenflagclicked {} {} {1?CHt/xpNb9B;.4.`/^ undefined null false
1488360388569 {1?CHt/xpNb9B;.4.`/^ motion_gotoxy {"X":{"name":"X","block":"slw1w[bUnk7APwx0vb6A","shadow":"slw1w[bUnk7APwx0vb6A"},"Y":{"name":"Y","block":"GpuvhSHw}7]}6^KhYN?-","shadow":"GpuvhSHw}7]}6^KhYN?-"}} {} |EnW*@Z0}x5/[{]KTuC| undefined y1B8Xb#i*3w],D+WjW*W false
1488360388569 slw1w[bUnk7APwx0vb6A math_number {} {"NUM":{"name":"NUM","value":-195}} null undefined {1?CHt/xpNb9B;.4.`/^ true
1488360388569 GpuvhSHw}7]}6^KhYN?- math_number {} {"NUM":{"name":"NUM","value":143}} null undefined {1?CHt/xpNb9B;.4.`/^ true
1488360388569 |EnW*@Z0}x5/[{]KTuC| looks_show {} {} pbJlo^fom7c-n7ApSqf. undefined {1?CHt/xpNb9B;.4.`/^ false
1488360388569 pbJlo^fom7c-n7ApSqf. control_forever {"SUBSTACK":{"name":"SUBSTACK","block":"T@A20`=mP.V3v^lwc6rU","shadow":null}} {} null undefined |EnW*@Z0}x5/[{]KTuC| false
1488360388569 T@A20`=mP.V3v^lwc6rU control_if {"CONDITION":{"name":"CONDITION","block":"7=mRX;KqPV2~H?wjkbL|","shadow":null},"SUBSTACK":{"name":"SUBSTACK","block":"lsi;k=*,iCy}y,#w)9|W","shadow":null}} {} QiPa05,rYfYU7Q/9OuqS undefined pbJlo^fom7c-n7ApSqf. false
1488360388569 7=mRX;KqPV2~H?wjkbL| sensing_keypressed {"KEY_OPTION":{"name":"KEY_OPTION","block":"mlWC2z^70b-[lah;#tzG","shadow":"mlWC2z^70b-[lah;#tzG"}} {} null undefined T@A20`=mP.V3v^lwc6rU false
1488360388569 mlWC2z^70b-[lah;#tzG sensing_keyoptions {} {"KEY_OPTION":{"name":"KEY_OPTION","value":"up arrow"}} null undefined 7=mRX;KqPV2~H?wjkbL| true
1488360388569 lsi;k=*,iCy}y,#w)9|W motion_pointindirection {"DIRECTION":{"name":"DIRECTION","block":"j1-61Px(9g5[eDBp:DEB","shadow":"j1-61Px(9g5[eDBp:DEB"}} {} 2[H4=[|jvO@Z]5+jollu undefined T@A20`=mP.V3v^lwc6rU false
1488360388569 j1-61Px(9g5[eDBp:DEB math_angle {} {"NUM":{"name":"NUM","value":"0"}} null undefined lsi;k=*,iCy}y,#w)9|W true
1488360388569 2[H4=[|jvO@Z]5+jollu motion_movesteps {"STEPS":{"name":"STEPS","block":"p,cl]:*uQ{Omi*I(`vwV","shadow":"p,cl]:*uQ{Omi*I(`vwV"}} {} null undefined lsi;k=*,iCy}y,#w)9|W false
1488360388569 p,cl]:*uQ{Omi*I(`vwV math_number {} {"NUM":{"name":"NUM","value":10}} null undefined 2[H4=[|jvO@Z]5+jollu true
1488360388569 QiPa05,rYfYU7Q/9OuqS control_if {"CONDITION":{"name":"CONDITION","block":")/H@I|G?!=,tw|vX~iY4","shadow":null},"SUBSTACK":{"name":"SUBSTACK","block":"/MRNOckKl|BLUgsS0HYX","shadow":null}} {} null undefined T@A20`=mP.V3v^lwc6rU false
1488360388569 )/H@I|G?!=,tw|vX~iY4 sensing_touchingobject {"TOUCHINGOBJECTMENU":{"name":"TOUCHINGOBJECTMENU","block":"RYZN_iOTHN2Am[;V3-_q","shadow":"RYZN_iOTHN2Am[;V3-_q"}} {} null undefined QiPa05,rYfYU7Q/9OuqS false
1488360388569 RYZN_iOTHN2Am[;V3-_q sensing_touchingobjectmenu {} {"TOUCHINGOBJECTMENU":{"name":"TOUCHINGOBJECTMENU","value":"Stop"}} null undefined )/H@I|G?!=,tw|vX~iY4 true
1488360388569 /MRNOckKl|BLUgsS0HYX looks_switchbackdropto {"BACKDROP":{"name":"BACKDROP","block":"[_p9[kQt;Ykh][,s=nW^","shadow":"[_p9[kQt;Ykh][,s=nW^"}} {} null undefined QiPa05,rYfYU7Q/9OuqS false
1488360388569 [_p9[kQt;Ykh][,s=nW^ looks_backdrops {} {"BACKDROP":{"name":"BACKDROP","value":"level3"}} null undefined /MRNOckKl|BLUgsS0HYX true
1488360390596 `}l2i31TP8d^aN7WjaTT event_whenbackdropswitchesto {} {"BACKDROP":{"name":"BACKDROP","value":"level3"}} 6xCUX4hDX{CkB5)p-..6 undefined null false
1488360390596 6xCUX4hDX{CkB5)p-..6 motion_gotoxy {"X":{"name":"X","block":"Tp!*:*eOe,be2[t0xIeG","shadow":"Tp!*:*eOe,be2[t0xIeG"},"Y":{"name":"Y","block":"mDhQSV-U}N7).0p77sDs","shadow":"mDhQSV-U}N7).0p77sDs"}} {} null undefined `}l2i31TP8d^aN7WjaTT false
1488360390596 Tp!*:*eOe,be2[t0xIeG math_number {} {"NUM":{"name":"NUM","value":-203}} null undefined 6xCUX4hDX{CkB5)p-..6 true
1488360390596 mDhQSV-U}N7).0p77sDs math_number {} {"NUM":{"name":"NUM","value":143}} null undefined 6xCUX4hDX{CkB5)p-..6 true
1488360390596 y1B8Xb#i*3w],D+WjW*W event_whenflagclicked {} {} {1?CHt/xpNb9B;.4.`/^ undefined null false
1488360390596 {1?CHt/xpNb9B;.4.`/^ motion_gotoxy {"X":{"name":"X","block":"slw1w[bUnk7APwx0vb6A","shadow":"slw1w[bUnk7APwx0vb6A"},"Y":{"name":"Y","block":"GpuvhSHw}7]}6^KhYN?-","shadow":"GpuvhSHw}7]}6^KhYN?-"}} {} |EnW*@Z0}x5/[{]KTuC| undefined y1B8Xb#i*3w],D+WjW*W false
1488360390596 slw1w[bUnk7APwx0vb6A math_number {} {"NUM":{"name":"NUM","value":-195}} null undefined {1?CHt/xpNb9B;.4.`/^ true
1488360390596 GpuvhSHw}7]}6^KhYN?- math_number {} {"NUM":{"name":"NUM","value":143}} null undefined {1?CHt/xpNb9B;.4.`/^ true
1488360390596 |EnW*@Z0}x5/[{]KTuC| looks_show {} {} pbJlo^fom7c-n7ApSqf. undefined {1?CHt/xpNb9B;.4.`/^ false
1488360390596 pbJlo^fom7c-n7ApSqf. control_forever {"SUBSTACK":{"name":"SUBSTACK","block":"T@A20`=mP.V3v^lwc6rU","shadow":null}} {} null undefined |EnW*@Z0}x5/[{]KTuC| false
1488360390596 T@A20`=mP.V3v^lwc6rU control_if {"CONDITION":{"name":"CONDITION","block":"7=mRX;KqPV2~H?wjkbL|","shadow":null},"SUBSTACK":{"name":"SUBSTACK","block":"lsi;k=*,iCy}y,#w)9|W","shadow":null}} {} QiPa05,rYfYU7Q/9OuqS undefined pbJlo^fom7c-n7ApSqf. false
1488360390596 7=mRX;KqPV2~H?wjkbL| sensing_keypressed {"KEY_OPTION":{"name":"KEY_OPTION","block":"mlWC2z^70b-[lah;#tzG","shadow":"mlWC2z^70b-[lah;#tzG"}} {} null undefined T@A20`=mP.V3v^lwc6rU false
1488360390596 mlWC2z^70b-[lah;#tzG sensing_keyoptions {} {"KEY_OPTION":{"name":"KEY_OPTION","value":"up arrow"}} null undefined 7=mRX;KqPV2~H?wjkbL| true
1488360390596 lsi;k=*,iCy}y,#w)9|W motion_pointindirection {"DIRECTION":{"name":"DIRECTION","block":"j1-61Px(9g5[eDBp:DEB","shadow":"j1-61Px(9g5[eDBp:DEB"}} {} 2[H4=[|jvO@Z]5+jollu undefined T@A20`=mP.V3v^lwc6rU false
1488360390596 j1-61Px(9g5[eDBp:DEB math_angle {} {"NUM":{"name":"NUM","value":"-15"}} null undefined lsi;k=*,iCy}y,#w)9|W true
1488360390596 2[H4=[|jvO@Z]5+jollu motion_movesteps {"STEPS":{"name":"STEPS","block":"p,cl]:*uQ{Omi*I(`vwV","shadow":"p,cl]:*uQ{Omi*I(`vwV"}} {} null undefined lsi;k=*,iCy}y,#w)9|W false
1488360390596 p,cl]:*uQ{Omi*I(`vwV math_number {} {"NUM":{"name":"NUM","value":10}} null undefined 2[H4=[|jvO@Z]5+jollu true
1488360390596 QiPa05,rYfYU7Q/9OuqS control_if {"CONDITION":{"name":"CONDITION","block":")/H@I|G?!=,tw|vX~iY4","shadow":null},"SUBSTACK":{"name":"SUBSTACK","block":"/MRNOckKl|BLUgsS0HYX","shadow":null}} {} null undefined T@A20`=mP.V3v^lwc6rU false
1488360390596 )/H@I|G?!=,tw|vX~iY4 sensing_touchingobject {"TOUCHINGOBJECTMENU":{"name":"TOUCHINGOBJECTMENU","block":"RYZN_iOTHN2Am[;V3-_q","shadow":"RYZN_iOTHN2Am[;V3-_q"}} {} null undefined QiPa05,rYfYU7Q/9OuqS false
1488360390596 RYZN_iOTHN2Am[;V3-_q sensing_touchingobjectmenu {} {"TOUCHINGOBJECTMENU":{"name":"TOUCHINGOBJECTMENU","value":"Stop"}} null undefined )/H@I|G?!=,tw|vX~iY4 true
1488360390596 /MRNOckKl|BLUgsS0HYX looks_switchbackdropto {"BACKDROP":{"name":"BACKDROP","block":"[_p9[kQt;Ykh][,s=nW^","shadow":"[_p9[kQt;Ykh][,s=nW^"}} {} null undefined QiPa05,rYfYU7Q/9OuqS false
1488360390596 [_p9[kQt;Ykh][,s=nW^ looks_backdrops {} {"BACKDROP":{"name":"BACKDROP","value":"level3"}} null undefined /MRNOckKl|BLUgsS0HYX true
1488360391626 `}l2i31TP8d^aN7WjaTT event_whenbackdropswitchesto {} {"BACKDROP":{"name":"BACKDROP","value":"level3"}} 6xCUX4hDX{CkB5)p-..6 undefined null false
1488360391626 6xCUX4hDX{CkB5)p-..6 motion_gotoxy {"X":{"name":"X","block":"Tp!*:*eOe,be2[t0xIeG","shadow":"Tp!*:*eOe,be2[t0xIeG"},"Y":{"name":"Y","block":"mDhQSV-U}N7).0p77sDs","shadow":"mDhQSV-U}N7).0p77sDs"}} {} null undefined `}l2i31TP8d^aN7WjaTT false
1488360391626 Tp!*:*eOe,be2[t0xIeG math_number {} {"NUM":{"name":"NUM","value":-203}} null undefined 6xCUX4hDX{CkB5)p-..6 true
1488360391626 mDhQSV-U}N7).0p77sDs math_number {} {"NUM":{"name":"NUM","value":143}} null undefined 6xCUX4hDX{CkB5)p-..6 true
1488360391626 y1B8Xb#i*3w],D+WjW*W event_whenflagclicked {} {} {1?CHt/xpNb9B;.4.`/^ undefined null false
1488360391626 {1?CHt/xpNb9B;.4.`/^ motion_gotoxy {"X":{"name":"X","block":"slw1w[bUnk7APwx0vb6A","shadow":"slw1w[bUnk7APwx0vb6A"},"Y":{"name":"Y","block":"GpuvhSHw}7]}6^KhYN?-","shadow":"GpuvhSHw}7]}6^KhYN?-"}} {} |EnW*@Z0}x5/[{]KTuC| undefined y1B8Xb#i*3w],D+WjW*W false
1488360391626 slw1w[bUnk7APwx0vb6A math_number {} {"NUM":{"name":"NUM","value":-195}} null undefined {1?CHt/xpNb9B;.4.`/^ true
1488360391626 GpuvhSHw}7]}6^KhYN?- math_number {} {"NUM":{"name":"NUM","value":143}} null undefined {1?CHt/xpNb9B;.4.`/^ true
1488360391626 |EnW*@Z0}x5/[{]KTuC| looks_show {} {} pbJlo^fom7c-n7ApSqf. undefined {1?CHt/xpNb9B;.4.`/^ false
1488360391626 pbJlo^fom7c-n7ApSqf. control_forever {"SUBSTACK":{"name":"SUBSTACK","block":"T@A20`=mP.V3v^lwc6rU","shadow":null}} {} null undefined |EnW*@Z0}x5/[{]KTuC| false
1488360391626 T@A20`=mP.V3v^lwc6rU control_if {"CONDITION":{"name":"CONDITION","block":"7=mRX;KqPV2~H?wjkbL|","shadow":null},"SUBSTACK":{"name":"SUBSTACK","block":"lsi;k=*,iCy}y,#w)9|W","shadow":null}} {} QiPa05,rYfYU7Q/9OuqS undefined pbJlo^fom7c-n7ApSqf. false
1488360391626 7=mRX;KqPV2~H?wjkbL| sensing_keypressed {"KEY_OPTION":{"name":"KEY_OPTION","block":"mlWC2z^70b-[lah;#tzG","shadow":"mlWC2z^70b-[lah;#tzG"}} {} null undefined T@A20`=mP.V3v^lwc6rU false
1488360391626 mlWC2z^70b-[lah;#tzG sensing_keyoptions {} {"KEY_OPTION":{"name":"KEY_OPTION","value":"up arrow"}} null undefined 7=mRX;KqPV2~H?wjkbL| true
1488360391626 lsi;k=*,iCy}y,#w)9|W motion_pointindirection {"DIRECTION":{"name":"DIRECTION","block":"j1-61Px(9g5[eDBp:DEB","shadow":"j1-61Px(9g5[eDBp:DEB"}} {} 2[H4=[|jvO@Z]5+jollu undefined T@A20`=mP.V3v^lwc6rU false
1488360391626 j1-61Px(9g5[eDBp:DEB math_angle {} {"NUM":{"name":"NUM","value":"0"}} null undefined lsi;k=*,iCy}y,#w)9|W true
1488360391626 2[H4=[|jvO@Z]5+jollu motion_movesteps {"STEPS":{"name":"STEPS","block":"p,cl]:*uQ{Omi*I(`vwV","shadow":"p,cl]:*uQ{Omi*I(`vwV"}} {} null undefined lsi;k=*,iCy}y,#w)9|W false
1488360391626 p,cl]:*uQ{Omi*I(`vwV math_number {} {"NUM":{"name":"NUM","value":10}} null undefined 2[H4=[|jvO@Z]5+jollu true
1488360391626 QiPa05,rYfYU7Q/9OuqS control_if {"CONDITION":{"name":"CONDITION","block":")/H@I|G?!=,tw|vX~iY4","shadow":null},"SUBSTACK":{"name":"SUBSTACK","block":"/MRNOckKl|BLUgsS0HYX","shadow":null}} {} null undefined T@A20`=mP.V3v^lwc6rU false
1488360391626 )/H@I|G?!=,tw|vX~iY4 sensing_touchingobject {"TOUCHINGOBJECTMENU":{"name":"TOUCHINGOBJECTMENU","block":"RYZN_iOTHN2Am[;V3-_q","shadow":"RYZN_iOTHN2Am[;V3-_q"}} {} null undefined QiPa05,rYfYU7Q/9OuqS false
1488360391626 RYZN_iOTHN2Am[;V3-_q sensing_touchingobjectmenu {} {"TOUCHINGOBJECTMENU":{"name":"TOUCHINGOBJECTMENU","value":"Stop"}} null undefined )/H@I|G?!=,tw|vX~iY4 true
1488360391626 /MRNOckKl|BLUgsS0HYX looks_switchbackdropto {"BACKDROP":{"name":"BACKDROP","block":"[_p9[kQt;Ykh][,s=nW^","shadow":"[_p9[kQt;Ykh][,s=nW^"}} {} null undefined QiPa05,rYfYU7Q/9OuqS false
1488360391626 [_p9[kQt;Ykh][,s=nW^ looks_backdrops {} {"BACKDROP":{"name":"BACKDROP","value":"level3"}} null undefined /MRNOckKl|BLUgsS0HYX true
1488360392646 `}l2i31TP8d^aN7WjaTT event_whenbackdropswitchesto {} {"BACKDROP":{"name":"BACKDROP","value":"level3"}} 6xCUX4hDX{CkB5)p-..6 undefined null false
1488360392646 6xCUX4hDX{CkB5)p-..6 motion_gotoxy {"X":{"name":"X","block":"Tp!*:*eOe,be2[t0xIeG","shadow":"Tp!*:*eOe,be2[t0xIeG"},"Y":{"name":"Y","block":"mDhQSV-U}N7).0p77sDs","shadow":"mDhQSV-U}N7).0p77sDs"}} {} null undefined `}l2i31TP8d^aN7WjaTT false
1488360392646 Tp!*:*eOe,be2[t0xIeG math_number {} {"NUM":{"name":"NUM","value":-203}} null undefined 6xCUX4hDX{CkB5)p-..6 true
1488360392646 mDhQSV-U}N7).0p77sDs math_number {} {"NUM":{"name":"NUM","value":143}} null undefined 6xCUX4hDX{CkB5)p-..6 true
1488360392646 y1B8Xb#i*3w],D+WjW*W event_whenflagclicked {} {} {1?CHt/xpNb9B;.4.`/^ undefined null false
1488360392646 {1?CHt/xpNb9B;.4.`/^ motion_gotoxy {"X":{"name":"X","block":"slw1w[bUnk7APwx0vb6A","shadow":"slw1w[bUnk7APwx0vb6A"},"Y":{"name":"Y","block":"GpuvhSHw}7]}6^KhYN?-","shadow":"GpuvhSHw}7]}6^KhYN?-"}} {} |EnW*@Z0}x5/[{]KTuC| undefined y1B8Xb#i*3w],D+WjW*W false
1488360392646 slw1w[bUnk7APwx0vb6A math_number {} {"NUM":{"name":"NUM","value":-195}} null undefined {1?CHt/xpNb9B;.4.`/^ true
1488360392646 GpuvhSHw}7]}6^KhYN?- math_number {} {"NUM":{"name":"NUM","value":143}} null undefined {1?CHt/xpNb9B;.4.`/^ true
1488360392646 |EnW*@Z0}x5/[{]KTuC| looks_show {} {} pbJlo^fom7c-n7ApSqf. undefined {1?CHt/xpNb9B;.4.`/^ false
1488360392646 pbJlo^fom7c-n7ApSqf. control_forever {"SUBSTACK":{"name":"SUBSTACK","block":"T@A20`=mP.V3v^lwc6rU","shadow":null}} {} null undefined |EnW*@Z0}x5/[{]KTuC| false
1488360392646 T@A20`=mP.V3v^lwc6rU control_if {"CONDITION":{"name":"CONDITION","block":"7=mRX;KqPV2~H?wjkbL|","shadow":null},"SUBSTACK":{"name":"SUBSTACK","block":"lsi;k=*,iCy}y,#w)9|W","shadow":null}} {} QiPa05,rYfYU7Q/9OuqS undefined pbJlo^fom7c-n7ApSqf. false
1488360392646 7=mRX;KqPV2~H?wjkbL| sensing_keypressed {"KEY_OPTION":{"name":"KEY_OPTION","block":"mlWC2z^70b-[lah;#tzG","shadow":"mlWC2z^70b-[lah;#tzG"}} {} null undefined T@A20`=mP.V3v^lwc6rU false
1488360392646 mlWC2z^70b-[lah;#tzG sensing_keyoptions {} {"KEY_OPTION":{"name":"KEY_OPTION","value":"up arrow"}} null undefined 7=mRX;KqPV2~H?wjkbL| true
1488360392646 lsi;k=*,iCy}y,#w)9|W motion_pointindirection {"DIRECTION":{"name":"DIRECTION","block":"j1-61Px(9g5[eDBp:DEB","shadow":"j1-61Px(9g5[eDBp:DEB"}} {} 2[H4=[|jvO@Z]5+jollu undefined T@A20`=mP.V3v^lwc6rU false
1488360392646 j1-61Px(9g5[eDBp:DEB math_angle {} {"NUM":{"name":"NUM","value":"-15"}} null undefined lsi;k=*,iCy}y,#w)9|W true
1488360392646 2[H4=[|jvO@Z]5+jollu motion_movesteps {"STEPS":{"name":"STEPS","block":"p,cl]:*uQ{Omi*I(`vwV","shadow":"p,cl]:*uQ{Omi*I(`vwV"}} {} null undefined lsi;k=*,iCy}y,#w)9|W false
1488360392646 p,cl]:*uQ{Omi*I(`vwV math_number {} {"NUM":{"name":"NUM","value":10}} null undefined 2[H4=[|jvO@Z]5+jollu true
1488360392646 QiPa05,rYfYU7Q/9OuqS control_if {"CONDITION":{"name":"CONDITION","block":")/H@I|G?!=,tw|vX~iY4","shadow":null},"SUBSTACK":{"name":"SUBSTACK","block":"/MRNOckKl|BLUgsS0HYX","shadow":null}} {} null undefined T@A20`=mP.V3v^lwc6rU false
1488360392646 )/H@I|G?!=,tw|vX~iY4 sensing_touchingobject {"TOUCHINGOBJECTMENU":{"name":"TOUCHINGOBJECTMENU","block":"RYZN_iOTHN2Am[;V3-_q","shadow":"RYZN_iOTHN2Am[;V3-_q"}} {} null undefined QiPa05,rYfYU7Q/9OuqS false
1488360392646 RYZN_iOTHN2Am[;V3-_q sensing_touchingobjectmenu {} {"TOUCHINGOBJECTMENU":{"name":"TOUCHINGOBJECTMENU","value":"Stop"}} null undefined )/H@I|G?!=,tw|vX~iY4 true
1488360392646 /MRNOckKl|BLUgsS0HYX looks_switchbackdropto {"BACKDROP":{"name":"BACKDROP","block":"[_p9[kQt;Ykh][,s=nW^","shadow":"[_p9[kQt;Ykh][,s=nW^"}} {} null undefined QiPa05,rYfYU7Q/9OuqS false
1488360392646 [_p9[kQt;Ykh][,s=nW^ looks_backdrops {} {"BACKDROP":{"name":"BACKDROP","value":"level3"}} null undefined /MRNOckKl|BLUgsS0HYX true
1488360393680 `}l2i31TP8d^aN7WjaTT event_whenbackdropswitchesto {} {"BACKDROP":{"name":"BACKDROP","value":"level3"}} 6xCUX4hDX{CkB5)p-..6 undefined null false
1488360393680 6xCUX4hDX{CkB5)p-..6 motion_gotoxy {"X":{"name":"X","block":"Tp!*:*eOe,be2[t0xIeG","shadow":"Tp!*:*eOe,be2[t0xIeG"},"Y":{"name":"Y","block":"mDhQSV-U}N7).0p77sDs","shadow":"mDhQSV-U}N7).0p77sDs"}} {} null undefined `}l2i31TP8d^aN7WjaTT false
1488360393680 Tp!*:*eOe,be2[t0xIeG math_number {} {"NUM":{"name":"NUM","value":-203}} null undefined 6xCUX4hDX{CkB5)p-..6 true
1488360393680 mDhQSV-U}N7).0p77sDs math_number {} {"NUM":{"name":"NUM","value":143}} null undefined 6xCUX4hDX{CkB5)p-..6 true
1488360393680 y1B8Xb#i*3w],D+WjW*W event_whenflagclicked {} {} {1?CHt/xpNb9B;.4.`/^ undefined null false
1488360393680 {1?CHt/xpNb9B;.4.`/^ motion_gotoxy {"X":{"name":"X","block":"slw1w[bUnk7APwx0vb6A","shadow":"slw1w[bUnk7APwx0vb6A"},"Y":{"name":"Y","block":"GpuvhSHw}7]}6^KhYN?-","shadow":"GpuvhSHw}7]}6^KhYN?-"}} {} |EnW*@Z0}x5/[{]KTuC| undefined y1B8Xb#i*3w],D+WjW*W false
1488360393680 slw1w[bUnk7APwx0vb6A math_number {} {"NUM":{"name":"NUM","value":-195}} null undefined {1?CHt/xpNb9B;.4.`/^ true
1488360393680 GpuvhSHw}7]}6^KhYN?- math_number {} {"NUM":{"name":"NUM","value":143}} null undefined {1?CHt/xpNb9B;.4.`/^ true
1488360393680 |EnW*@Z0}x5/[{]KTuC| looks_show {} {} pbJlo^fom7c-n7ApSqf. undefined {1?CHt/xpNb9B;.4.`/^ false
1488360393680 pbJlo^fom7c-n7ApSqf. control_forever {"SUBSTACK":{"name":"SUBSTACK","block":"T@A20`=mP.V3v^lwc6rU","shadow":null}} {} null undefined |EnW*@Z0}x5/[{]KTuC| false
1488360393680 T@A20`=mP.V3v^lwc6rU control_if {"CONDITION":{"name":"CONDITION","block":"7=mRX;KqPV2~H?wjkbL|","shadow":null},"SUBSTACK":{"name":"SUBSTACK","block":"lsi;k=*,iCy}y,#w)9|W","shadow":null}} {} QiPa05,rYfYU7Q/9OuqS undefined pbJlo^fom7c-n7ApSqf. false
1488360393680 7=mRX;KqPV2~H?wjkbL| sensing_keypressed {"KEY_OPTION":{"name":"KEY_OPTION","block":"mlWC2z^70b-[lah;#tzG","shadow":"mlWC2z^70b-[lah;#tzG"}} {} null undefined T@A20`=mP.V3v^lwc6rU false
1488360393680 mlWC2z^70b-[lah;#tzG sensing_keyoptions {} {"KEY_OPTION":{"name":"KEY_OPTION","value":"up arrow"}} null undefined 7=mRX;KqPV2~H?wjkbL| true
1488360393680 lsi;k=*,iCy}y,#w)9|W motion_pointindirection {"DIRECTION":{"name":"DIRECTION","block":"j1-61Px(9g5[eDBp:DEB","shadow":"j1-61Px(9g5[eDBp:DEB"}} {} 2[H4=[|jvO@Z]5+jollu undefined T@A20`=mP.V3v^lwc6rU false
1488360393680 j1-61Px(9g5[eDBp:DEB math_angle {} {"NUM":{"name":"NUM","value":"0"}} null undefined lsi;k=*,iCy}y,#w)9|W true
1488360393680 2[H4=[|jvO@Z]5+jollu motion_movesteps {"STEPS":{"name":"STEPS","block":"p,cl]:*uQ{Omi*I(`vwV","shadow":"p,cl]:*uQ{Omi*I(`vwV"}} {} null undefined lsi;k=*,iCy}y,#w)9|W false
1488360393680 p,cl]:*uQ{Omi*I(`vwV math_number {} {"NUM":{"name":"NUM","value":10}} null undefined 2[H4=[|jvO@Z]5+jollu true
1488360393680 QiPa05,rYfYU7Q/9OuqS control_if {"CONDITION":{"name":"CONDITION","block":")/H@I|G?!=,tw|vX~iY4","shadow":null},"SUBSTACK":{"name":"SUBSTACK","block":"/MRNOckKl|BLUgsS0HYX","shadow":null}} {} null undefined T@A20`=mP.V3v^lwc6rU false
1488360393680 )/H@I|G?!=,tw|vX~iY4 sensing_touchingobject {"TOUCHINGOBJECTMENU":{"name":"TOUCHINGOBJECTMENU","block":"RYZN_iOTHN2Am[;V3-_q","shadow":"RYZN_iOTHN2Am[;V3-_q"}} {} null undefined QiPa05,rYfYU7Q/9OuqS false
1488360393680 RYZN_iOTHN2Am[;V3-_q sensing_touchingobjectmenu {} {"TOUCHINGOBJECTMENU":{"name":"TOUCHINGOBJECTMENU","value":"Stop"}} null undefined )/H@I|G?!=,tw|vX~iY4 true
1488360393680 /MRNOckKl|BLUgsS0HYX looks_switchbackdropto {"BACKDROP":{"name":"BACKDROP","block":"[_p9[kQt;Ykh][,s=nW^","shadow":"[_p9[kQt;Ykh][,s=nW^"}} {} null undefined QiPa05,rYfYU7Q/9OuqS false
1488360393680 [_p9[kQt;Ykh][,s=nW^ looks_backdrops {} {"BACKDROP":{"name":"BACKDROP","value":"level3"}} null undefined /MRNOckKl|BLUgsS0HYX true
1488360506619 `}l2i31TP8d^aN7WjaTT event_whenbackdropswitchesto {} {"BACKDROP":{"name":"BACKDROP","value":"level3"}} 6xCUX4hDX{CkB5)p-..6 undefined null false
1488360506619 6xCUX4hDX{CkB5)p-..6 motion_gotoxy {"X":{"name":"X","block":"Tp!*:*eOe,be2[t0xIeG","shadow":"Tp!*:*eOe,be2[t0xIeG"},"Y":{"name":"Y","block":"mDhQSV-U}N7).0p77sDs","shadow":"mDhQSV-U}N7).0p77sDs"}} {} null undefined `}l2i31TP8d^aN7WjaTT false
1488360506619 Tp!*:*eOe,be2[t0xIeG math_number {} {"NUM":{"name":"NUM","value":-203}} null undefined 6xCUX4hDX{CkB5)p-..6 true
1488360506619 mDhQSV-U}N7).0p77sDs math_number {} {"NUM":{"name":"NUM","value":143}} null undefined 6xCUX4hDX{CkB5)p-..6 true
1488360506619 y1B8Xb#i*3w],D+WjW*W event_whenflagclicked {} {} {1?CHt/xpNb9B;.4.`/^ undefined null false
1488360506619 {1?CHt/xpNb9B;.4.`/^ motion_gotoxy {"X":{"name":"X","block":"slw1w[bUnk7APwx0vb6A","shadow":"slw1w[bUnk7APwx0vb6A"},"Y":{"name":"Y","block":"GpuvhSHw}7]}6^KhYN?-","shadow":"GpuvhSHw}7]}6^KhYN?-"}} {} |EnW*@Z0}x5/[{]KTuC| undefined y1B8Xb#i*3w],D+WjW*W false
1488360506619 slw1w[bUnk7APwx0vb6A math_number {} {"NUM":{"name":"NUM","value":-195}} null undefined {1?CHt/xpNb9B;.4.`/^ true
1488360506619 GpuvhSHw}7]}6^KhYN?- math_number {} {"NUM":{"name":"NUM","value":143}} null undefined {1?CHt/xpNb9B;.4.`/^ true
1488360506619 |EnW*@Z0}x5/[{]KTuC| looks_show {} {} pbJlo^fom7c-n7ApSqf. undefined {1?CHt/xpNb9B;.4.`/^ false
1488360506619 pbJlo^fom7c-n7ApSqf. control_forever {"SUBSTACK":{"name":"SUBSTACK","block":"T@A20`=mP.V3v^lwc6rU","shadow":null}} {} null undefined |EnW*@Z0}x5/[{]KTuC| false
1488360506619 T@A20`=mP.V3v^lwc6rU control_if {"CONDITION":{"name":"CONDITION","block":"7=mRX;KqPV2~H?wjkbL|","shadow":null},"SUBSTACK":{"name":"SUBSTACK","block":"lsi;k=*,iCy}y,#w)9|W","shadow":null}} {} QiPa05,rYfYU7Q/9OuqS undefined pbJlo^fom7c-n7ApSqf. false
1488360506619 7=mRX;KqPV2~H?wjkbL| sensing_keypressed {"KEY_OPTION":{"name":"KEY_OPTION","block":"mlWC2z^70b-[lah;#tzG","shadow":"mlWC2z^70b-[lah;#tzG"}} {} null undefined T@A20`=mP.V3v^lwc6rU false
1488360506619 mlWC2z^70b-[lah;#tzG sensing_keyoptions {} {"KEY_OPTION":{"name":"KEY_OPTION","value":"up arrow"}} null undefined 7=mRX;KqPV2~H?wjkbL| true
1488360506619 lsi;k=*,iCy}y,#w)9|W motion_pointindirection {"DIRECTION":{"name":"DIRECTION","block":"j1-61Px(9g5[eDBp:DEB","shadow":"j1-61Px(9g5[eDBp:DEB"}} {} 2[H4=[|jvO@Z]5+jollu undefined T@A20`=mP.V3v^lwc6rU false
1488360506619 j1-61Px(9g5[eDBp:DEB math_angle {} {"NUM":{"name":"NUM","value":"15"}} null undefined lsi;k=*,iCy}y,#w)9|W true
1488360506619 2[H4=[|jvO@Z]5+jollu motion_movesteps {"STEPS":{"name":"STEPS","block":"p,cl]:*uQ{Omi*I(`vwV","shadow":"p,cl]:*uQ{Omi*I(`vwV"}} {} null undefined lsi;k=*,iCy}y,#w)9|W false
1488360506619 p,cl]:*uQ{Omi*I(`vwV math_number {} {"NUM":{"name":"NUM","value":10}} null undefined 2[H4=[|jvO@Z]5+jollu true
1488360506619 QiPa05,rYfYU7Q/9OuqS control_if {"CONDITION":{"name":"CONDITION","block":")/H@I|G?!=,tw|vX~iY4","shadow":null},"SUBSTACK":{"name":"SUBSTACK","block":"/MRNOckKl|BLUgsS0HYX","shadow":null}} {} null undefined T@A20`=mP.V3v^lwc6rU false
1488360506619 )/H@I|G?!=,tw|vX~iY4 sensing_touchingobject {"TOUCHINGOBJECTMENU":{"name":"TOUCHINGOBJECTMENU","block":"RYZN_iOTHN2Am[;V3-_q","shadow":"RYZN_iOTHN2Am[;V3-_q"}} {} null undefined QiPa05,rYfYU7Q/9OuqS false
1488360506619 RYZN_iOTHN2Am[;V3-_q sensing_touchingobjectmenu {} {"TOUCHINGOBJECTMENU":{"name":"TOUCHINGOBJECTMENU","value":"Stop"}} null undefined )/H@I|G?!=,tw|vX~iY4 true
1488360506619 /MRNOckKl|BLUgsS0HYX looks_switchbackdropto {"BACKDROP":{"name":"BACKDROP","block":"[_p9[kQt;Ykh][,s=nW^","shadow":"[_p9[kQt;Ykh][,s=nW^"}} {} null undefined QiPa05,rYfYU7Q/9OuqS false
1488360506619 [_p9[kQt;Ykh][,s=nW^ looks_backdrops {} {"BACKDROP":{"name":"BACKDROP","value":"level3"}} null undefined /MRNOckKl|BLUgsS0HYX true
1488360508575 `}l2i31TP8d^aN7WjaTT event_whenbackdropswitchesto {} {"BACKDROP":{"name":"BACKDROP","value":"level3"}} 6xCUX4hDX{CkB5)p-..6 undefined null false
1488360508575 6xCUX4hDX{CkB5)p-..6 motion_gotoxy {"X":{"name":"X","block":"Tp!*:*eOe,be2[t0xIeG","shadow":"Tp!*:*eOe,be2[t0xIeG"},"Y":{"name":"Y","block":"mDhQSV-U}N7).0p77sDs","shadow":"mDhQSV-U}N7).0p77sDs"}} {} null undefined `}l2i31TP8d^aN7WjaTT false
1488360508575 Tp!*:*eOe,be2[t0xIeG math_number {} {"NUM":{"name":"NUM","value":-203}} null undefined 6xCUX4hDX{CkB5)p-..6 true
1488360508575 mDhQSV-U}N7).0p77sDs math_number {} {"NUM":{"name":"NUM","value":143}} null undefined 6xCUX4hDX{CkB5)p-..6 true
1488360508575 y1B8Xb#i*3w],D+WjW*W event_whenflagclicked {} {} {1?CHt/xpNb9B;.4.`/^ undefined null false
1488360508575 {1?CHt/xpNb9B;.4.`/^ motion_gotoxy {"X":{"name":"X","block":"slw1w[bUnk7APwx0vb6A","shadow":"slw1w[bUnk7APwx0vb6A"},"Y":{"name":"Y","block":"GpuvhSHw}7]}6^KhYN?-","shadow":"GpuvhSHw}7]}6^KhYN?-"}} {} |EnW*@Z0}x5/[{]KTuC| undefined y1B8Xb#i*3w],D+WjW*W false
1488360508575 slw1w[bUnk7APwx0vb6A math_number {} {"NUM":{"name":"NUM","value":-195}} null undefined {1?CHt/xpNb9B;.4.`/^ true
1488360508575 GpuvhSHw}7]}6^KhYN?- math_number {} {"NUM":{"name":"NUM","value":143}} null undefined {1?CHt/xpNb9B;.4.`/^ true
1488360508575 |EnW*@Z0}x5/[{]KTuC| looks_show {} {} pbJlo^fom7c-n7ApSqf. undefined {1?CHt/xpNb9B;.4.`/^ false
1488360508575 pbJlo^fom7c-n7ApSqf. control_forever {"SUBSTACK":{"name":"SUBSTACK","block":"T@A20`=mP.V3v^lwc6rU","shadow":null}} {} null undefined |EnW*@Z0}x5/[{]KTuC| false
1488360508575 T@A20`=mP.V3v^lwc6rU control_if {"CONDITION":{"name":"CONDITION","block":"7=mRX;KqPV2~H?wjkbL|","shadow":null},"SUBSTACK":{"name":"SUBSTACK","block":"lsi;k=*,iCy}y,#w)9|W","shadow":null}} {} QiPa05,rYfYU7Q/9OuqS undefined pbJlo^fom7c-n7ApSqf. false
1488360508575 7=mRX;KqPV2~H?wjkbL| sensing_keypressed {"KEY_OPTION":{"name":"KEY_OPTION","block":"mlWC2z^70b-[lah;#tzG","shadow":"mlWC2z^70b-[lah;#tzG"}} {} null undefined T@A20`=mP.V3v^lwc6rU false
1488360508575 mlWC2z^70b-[lah;#tzG sensing_keyoptions {} {"KEY_OPTION":{"name":"KEY_OPTION","value":"up arrow"}} null undefined 7=mRX;KqPV2~H?wjkbL| true
1488360508575 lsi;k=*,iCy}y,#w)9|W motion_pointindirection {"DIRECTION":{"name":"DIRECTION","block":"j1-61Px(9g5[eDBp:DEB","shadow":"j1-61Px(9g5[eDBp:DEB"}} {} 2[H4=[|jvO@Z]5+jollu undefined T@A20`=mP.V3v^lwc6rU false
1488360508575 j1-61Px(9g5[eDBp:DEB math_angle {} {"NUM":{"name":"NUM","value":"75"}} null undefined lsi;k=*,iCy}y,#w)9|W true
1488360508575 2[H4=[|jvO@Z]5+jollu motion_movesteps {"STEPS":{"name":"STEPS","block":"p,cl]:*uQ{Omi*I(`vwV","shadow":"p,cl]:*uQ{Omi*I(`vwV"}} {} null undefined lsi;k=*,iCy}y,#w)9|W false
1488360508575 p,cl]:*uQ{Omi*I(`vwV math_number {} {"NUM":{"name":"NUM","value":10}} null undefined 2[H4=[|jvO@Z]5+jollu true
1488360508575 QiPa05,rYfYU7Q/9OuqS control_if {"CONDITION":{"name":"CONDITION","block":")/H@I|G?!=,tw|vX~iY4","shadow":null},"SUBSTACK":{"name":"SUBSTACK","block":"/MRNOckKl|BLUgsS0HYX","shadow":null}} {} null undefined T@A20`=mP.V3v^lwc6rU false
1488360508575 )/H@I|G?!=,tw|vX~iY4 sensing_touchingobject {"TOUCHINGOBJECTMENU":{"name":"TOUCHINGOBJECTMENU","block":"RYZN_iOTHN2Am[;V3-_q","shadow":"RYZN_iOTHN2Am[;V3-_q"}} {} null undefined QiPa05,rYfYU7Q/9OuqS false
1488360508575 RYZN_iOTHN2Am[;V3-_q sensing_touchingobjectmenu {} {"TOUCHINGOBJECTMENU":{"name":"TOUCHINGOBJECTMENU","value":"Stop"}} null undefined )/H@I|G?!=,tw|vX~iY4 true
1488360508575 /MRNOckKl|BLUgsS0HYX looks_switchbackdropto {"BACKDROP":{"name":"BACKDROP","block":"[_p9[kQt;Ykh][,s=nW^","shadow":"[_p9[kQt;Ykh][,s=nW^"}} {} null undefined QiPa05,rYfYU7Q/9OuqS false
1488360508575 [_p9[kQt;Ykh][,s=nW^ looks_backdrops {} {"BACKDROP":{"name":"BACKDROP","value":"level3"}} null undefined /MRNOckKl|BLUgsS0HYX true
1488360510611 `}l2i31TP8d^aN7WjaTT event_whenbackdropswitchesto {} {"BACKDROP":{"name":"BACKDROP","value":"level3"}} 6xCUX4hDX{CkB5)p-..6 undefined null false
1488360510611 6xCUX4hDX{CkB5)p-..6 motion_gotoxy {"X":{"name":"X","block":"Tp!*:*eOe,be2[t0xIeG","shadow":"Tp!*:*eOe,be2[t0xIeG"},"Y":{"name":"Y","block":"mDhQSV-U}N7).0p77sDs","shadow":"mDhQSV-U}N7).0p77sDs"}} {} null undefined `}l2i31TP8d^aN7WjaTT false
1488360510611 Tp!*:*eOe,be2[t0xIeG math_number {} {"NUM":{"name":"NUM","value":-203}} null undefined 6xCUX4hDX{CkB5)p-..6 true
1488360510611 mDhQSV-U}N7).0p77sDs math_number {} {"NUM":{"name":"NUM","value":143}} null undefined 6xCUX4hDX{CkB5)p-..6 true
1488360510611 y1B8Xb#i*3w],D+WjW*W event_whenflagclicked {} {} {1?CHt/xpNb9B;.4.`/^ undefined null false
1488360510611 {1?CHt/xpNb9B;.4.`/^ motion_gotoxy {"X":{"name":"X","block":"slw1w[bUnk7APwx0vb6A","shadow":"slw1w[bUnk7APwx0vb6A"},"Y":{"name":"Y","block":"GpuvhSHw}7]}6^KhYN?-","shadow":"GpuvhSHw}7]}6^KhYN?-"}} {} |EnW*@Z0}x5/[{]KTuC| undefined y1B8Xb#i*3w],D+WjW*W false
1488360510611 slw1w[bUnk7APwx0vb6A math_number {} {"NUM":{"name":"NUM","value":-195}} null undefined {1?CHt/xpNb9B;.4.`/^ true
1488360510611 GpuvhSHw}7]}6^KhYN?- math_number {} {"NUM":{"name":"NUM","value":143}} null undefined {1?CHt/xpNb9B;.4.`/^ true
1488360510611 |EnW*@Z0}x5/[{]KTuC| looks_show {} {} pbJlo^fom7c-n7ApSqf. undefined {1?CHt/xpNb9B;.4.`/^ false
1488360510611 pbJlo^fom7c-n7ApSqf. control_forever {"SUBSTACK":{"name":"SUBSTACK","block":"T@A20`=mP.V3v^lwc6rU","shadow":null}} {} null undefined |EnW*@Z0}x5/[{]KTuC| false
1488360510611 T@A20`=mP.V3v^lwc6rU control_if {"CONDITION":{"name":"CONDITION","block":"7=mRX;KqPV2~H?wjkbL|","shadow":null},"SUBSTACK":{"name":"SUBSTACK","block":"lsi;k=*,iCy}y,#w)9|W","shadow":null}} {} QiPa05,rYfYU7Q/9OuqS undefined pbJlo^fom7c-n7ApSqf. false
1488360510611 7=mRX;KqPV2~H?wjkbL| sensing_keypressed {"KEY_OPTION":{"name":"KEY_OPTION","block":"mlWC2z^70b-[lah;#tzG","shadow":"mlWC2z^70b-[lah;#tzG"}} {} null undefined T@A20`=mP.V3v^lwc6rU false
1488360510611 mlWC2z^70b-[lah;#tzG sensing_keyoptions {} {"KEY_OPTION":{"name":"KEY_OPTION","value":"up arrow"}} null undefined 7=mRX;KqPV2~H?wjkbL| true
1488360510611 lsi;k=*,iCy}y,#w)9|W motion_pointindirection {"DIRECTION":{"name":"DIRECTION","block":"j1-61Px(9g5[eDBp:DEB","shadow":"j1-61Px(9g5[eDBp:DEB"}} {} 2[H4=[|jvO@Z]5+jollu undefined T@A20`=mP.V3v^lwc6rU false
1488360510611 j1-61Px(9g5[eDBp:DEB math_angle {} {"NUM":{"name":"NUM","value":"165"}} null undefined lsi;k=*,iCy}y,#w)9|W true
1488360510611 2[H4=[|jvO@Z]5+jollu motion_movesteps {"STEPS":{"name":"STEPS","block":"p,cl]:*uQ{Omi*I(`vwV","shadow":"p,cl]:*uQ{Omi*I(`vwV"}} {} null undefined lsi;k=*,iCy}y,#w)9|W false
1488360510611 p,cl]:*uQ{Omi*I(`vwV math_number {} {"NUM":{"name":"NUM","value":10}} null undefined 2[H4=[|jvO@Z]5+jollu true
1488360510611 QiPa05,rYfYU7Q/9OuqS control_if {"CONDITION":{"name":"CONDITION","block":")/H@I|G?!=,tw|vX~iY4","shadow":null},"SUBSTACK":{"name":"SUBSTACK","block":"/MRNOckKl|BLUgsS0HYX","shadow":null}} {} null undefined T@A20`=mP.V3v^lwc6rU false
1488360510611 )/H@I|G?!=,tw|vX~iY4 sensing_touchingobject {"TOUCHINGOBJECTMENU":{"name":"TOUCHINGOBJECTMENU","block":"RYZN_iOTHN2Am[;V3-_q","shadow":"RYZN_iOTHN2Am[;V3-_q"}} {} null undefined QiPa05,rYfYU7Q/9OuqS false
1488360510611 RYZN_iOTHN2Am[;V3-_q sensing_touchingobjectmenu {} {"TOUCHINGOBJECTMENU":{"name":"TOUCHINGOBJECTMENU","value":"Stop"}} null undefined )/H@I|G?!=,tw|vX~iY4 true
1488360510611 /MRNOckKl|BLUgsS0HYX looks_switchbackdropto {"BACKDROP":{"name":"BACKDROP","block":"[_p9[kQt;Ykh][,s=nW^","shadow":"[_p9[kQt;Ykh][,s=nW^"}} {} null undefined QiPa05,rYfYU7Q/9OuqS false
1488360510611 [_p9[kQt;Ykh][,s=nW^ looks_backdrops {} {"BACKDROP":{"name":"BACKDROP","value":"level3"}} null undefined /MRNOckKl|BLUgsS0HYX true
1488360511630 `}l2i31TP8d^aN7WjaTT event_whenbackdropswitchesto {} {"BACKDROP":{"name":"BACKDROP","value":"level3"}} 6xCUX4hDX{CkB5)p-..6 undefined null false
1488360511630 6xCUX4hDX{CkB5)p-..6 motion_gotoxy {"X":{"name":"X","block":"Tp!*:*eOe,be2[t0xIeG","shadow":"Tp!*:*eOe,be2[t0xIeG"},"Y":{"name":"Y","block":"mDhQSV-U}N7).0p77sDs","shadow":"mDhQSV-U}N7).0p77sDs"}} {} null undefined `}l2i31TP8d^aN7WjaTT false
1488360511630 Tp!*:*eOe,be2[t0xIeG math_number {} {"NUM":{"name":"NUM","value":-203}} null undefined 6xCUX4hDX{CkB5)p-..6 true
1488360511630 mDhQSV-U}N7).0p77sDs math_number {} {"NUM":{"name":"NUM","value":143}} null undefined 6xCUX4hDX{CkB5)p-..6 true
1488360511630 y1B8Xb#i*3w],D+WjW*W event_whenflagclicked {} {} {1?CHt/xpNb9B;.4.`/^ undefined null false
1488360511630 {1?CHt/xpNb9B;.4.`/^ motion_gotoxy {"X":{"name":"X","block":"slw1w[bUnk7APwx0vb6A","shadow":"slw1w[bUnk7APwx0vb6A"},"Y":{"name":"Y","block":"GpuvhSHw}7]}6^KhYN?-","shadow":"GpuvhSHw}7]}6^KhYN?-"}} {} |EnW*@Z0}x5/[{]KTuC| undefined y1B8Xb#i*3w],D+WjW*W false
1488360511630 slw1w[bUnk7APwx0vb6A math_number {} {"NUM":{"name":"NUM","value":-195}} null undefined {1?CHt/xpNb9B;.4.`/^ true
1488360511630 GpuvhSHw}7]}6^KhYN?- math_number {} {"NUM":{"name":"NUM","value":143}} null undefined {1?CHt/xpNb9B;.4.`/^ true
1488360511630 |EnW*@Z0}x5/[{]KTuC| looks_show {} {} pbJlo^fom7c-n7ApSqf. undefined {1?CHt/xpNb9B;.4.`/^ false
1488360511630 pbJlo^fom7c-n7ApSqf. control_forever {"SUBSTACK":{"name":"SUBSTACK","block":"T@A20`=mP.V3v^lwc6rU","shadow":null}} {} null undefined |EnW*@Z0}x5/[{]KTuC| false
1488360511630 T@A20`=mP.V3v^lwc6rU control_if {"CONDITION":{"name":"CONDITION","block":"7=mRX;KqPV2~H?wjkbL|","shadow":null},"SUBSTACK":{"name":"SUBSTACK","block":"lsi;k=*,iCy}y,#w)9|W","shadow":null}} {} QiPa05,rYfYU7Q/9OuqS undefined pbJlo^fom7c-n7ApSqf. false
1488360511630 7=mRX;KqPV2~H?wjkbL| sensing_keypressed {"KEY_OPTION":{"name":"KEY_OPTION","block":"mlWC2z^70b-[lah;#tzG","shadow":"mlWC2z^70b-[lah;#tzG"}} {} null undefined T@A20`=mP.V3v^lwc6rU false
1488360511630 mlWC2z^70b-[lah;#tzG sensing_keyoptions {} {"KEY_OPTION":{"name":"KEY_OPTION","value":"up arrow"}} null undefined 7=mRX;KqPV2~H?wjkbL| true
1488360511630 lsi;k=*,iCy}y,#w)9|W motion_pointindirection {"DIRECTION":{"name":"DIRECTION","block":"j1-61Px(9g5[eDBp:DEB","shadow":"j1-61Px(9g5[eDBp:DEB"}} {} 2[H4=[|jvO@Z]5+jollu undefined T@A20`=mP.V3v^lwc6rU false
1488360511630 j1-61Px(9g5[eDBp:DEB math_angle {} {"NUM":{"name":"NUM","value":"180"}} null undefined lsi;k=*,iCy}y,#w)9|W true
1488360511630 2[H4=[|jvO@Z]5+jollu motion_movesteps {"STEPS":{"name":"STEPS","block":"p,cl]:*uQ{Omi*I(`vwV","shadow":"p,cl]:*uQ{Omi*I(`vwV"}} {} null undefined lsi;k=*,iCy}y,#w)9|W false
1488360511630 p,cl]:*uQ{Omi*I(`vwV math_number {} {"NUM":{"name":"NUM","value":10}} null undefined 2[H4=[|jvO@Z]5+jollu true
1488360511630 QiPa05,rYfYU7Q/9OuqS control_if {"CONDITION":{"name":"CONDITION","block":")/H@I|G?!=,tw|vX~iY4","shadow":null},"SUBSTACK":{"name":"SUBSTACK","block":"/MRNOckKl|BLUgsS0HYX","shadow":null}} {} null undefined T@A20`=mP.V3v^lwc6rU false
1488360511630 )/H@I|G?!=,tw|vX~iY4 sensing_touchingobject {"TOUCHINGOBJECTMENU":{"name":"TOUCHINGOBJECTMENU","block":"RYZN_iOTHN2Am[;V3-_q","shadow":"RYZN_iOTHN2Am[;V3-_q"}} {} null undefined QiPa05,rYfYU7Q/9OuqS false
1488360511630 RYZN_iOTHN2Am[;V3-_q sensing_touchingobjectmenu {} {"TOUCHINGOBJECTMENU":{"name":"TOUCHINGOBJECTMENU","value":"Stop"}} null undefined )/H@I|G?!=,tw|vX~iY4 true
1488360511630 /MRNOckKl|BLUgsS0HYX looks_switchbackdropto {"BACKDROP":{"name":"BACKDROP","block":"[_p9[kQt;Ykh][,s=nW^","shadow":"[_p9[kQt;Ykh][,s=nW^"}} {} null undefined QiPa05,rYfYU7Q/9OuqS false
1488360511630 [_p9[kQt;Ykh][,s=nW^ looks_backdrops {} {"BACKDROP":{"name":"BACKDROP","value":"level3"}} null undefined /MRNOckKl|BLUgsS0HYX true
1488360512649 `}l2i31TP8d^aN7WjaTT event_whenbackdropswitchesto {} {"BACKDROP":{"name":"BACKDROP","value":"level3"}} 6xCUX4hDX{CkB5)p-..6 undefined null false
1488360512649 6xCUX4hDX{CkB5)p-..6 motion_gotoxy {"X":{"name":"X","block":"Tp!*:*eOe,be2[t0xIeG","shadow":"Tp!*:*eOe,be2[t0xIeG"},"Y":{"name":"Y","block":"mDhQSV-U}N7).0p77sDs","shadow":"mDhQSV-U}N7).0p77sDs"}} {} null undefined `}l2i31TP8d^aN7WjaTT false
1488360512649 Tp!*:*eOe,be2[t0xIeG math_number {} {"NUM":{"name":"NUM","value":-203}} null undefined 6xCUX4hDX{CkB5)p-..6 true
1488360512649 mDhQSV-U}N7).0p77sDs math_number {} {"NUM":{"name":"NUM","value":143}} null undefined 6xCUX4hDX{CkB5)p-..6 true
1488360512649 y1B8Xb#i*3w],D+WjW*W event_whenflagclicked {} {} {1?CHt/xpNb9B;.4.`/^ undefined null false
1488360512649 {1?CHt/xpNb9B;.4.`/^ motion_gotoxy {"X":{"name":"X","block":"slw1w[bUnk7APwx0vb6A","shadow":"slw1w[bUnk7APwx0vb6A"},"Y":{"name":"Y","block":"GpuvhSHw}7]}6^KhYN?-","shadow":"GpuvhSHw}7]}6^KhYN?-"}} {} |EnW*@Z0}x5/[{]KTuC| undefined y1B8Xb#i*3w],D+WjW*W false
1488360512649 slw1w[bUnk7APwx0vb6A math_number {} {"NUM":{"name":"NUM","value":-195}} null undefined {1?CHt/xpNb9B;.4.`/^ true
1488360512649 GpuvhSHw}7]}6^KhYN?- math_number {} {"NUM":{"name":"NUM","value":143}} null undefined {1?CHt/xpNb9B;.4.`/^ true
1488360512649 |EnW*@Z0}x5/[{]KTuC| looks_show {} {} pbJlo^fom7c-n7ApSqf. undefined {1?CHt/xpNb9B;.4.`/^ false
1488360512649 pbJlo^fom7c-n7ApSqf. control_forever {"SUBSTACK":{"name":"SUBSTACK","block":"T@A20`=mP.V3v^lwc6rU","shadow":null}} {} null undefined |EnW*@Z0}x5/[{]KTuC| false
1488360512649 T@A20`=mP.V3v^lwc6rU control_if {"CONDITION":{"name":"CONDITION","block":"7=mRX;KqPV2~H?wjkbL|","shadow":null},"SUBSTACK":{"name":"SUBSTACK","block":"lsi;k=*,iCy}y,#w)9|W","shadow":null}} {} QiPa05,rYfYU7Q/9OuqS undefined pbJlo^fom7c-n7ApSqf. false
1488360512649 7=mRX;KqPV2~H?wjkbL| sensing_keypressed {"KEY_OPTION":{"name":"KEY_OPTION","block":"mlWC2z^70b-[lah;#tzG","shadow":"mlWC2z^70b-[lah;#tzG"}} {} null undefined T@A20`=mP.V3v^lwc6rU false
1488360512649 mlWC2z^70b-[lah;#tzG sensing_keyoptions {} {"KEY_OPTION":{"name":"KEY_OPTION","value":"down arrow"}} null undefined 7=mRX;KqPV2~H?wjkbL| true
1488360512649 lsi;k=*,iCy}y,#w)9|W motion_pointindirection {"DIRECTION":{"name":"DIRECTION","block":"j1-61Px(9g5[eDBp:DEB","shadow":"j1-61Px(9g5[eDBp:DEB"}} {} 2[H4=[|jvO@Z]5+jollu undefined T@A20`=mP.V3v^lwc6rU false
1488360512649 j1-61Px(9g5[eDBp:DEB math_angle {} {"NUM":{"name":"NUM","value":"180"}} null undefined lsi;k=*,iCy}y,#w)9|W true
1488360512649 2[H4=[|jvO@Z]5+jollu motion_movesteps {"STEPS":{"name":"STEPS","block":"p,cl]:*uQ{Omi*I(`vwV","shadow":"p,cl]:*uQ{Omi*I(`vwV"}} {} null undefined lsi;k=*,iCy}y,#w)9|W false
1488360512649 p,cl]:*uQ{Omi*I(`vwV math_number {} {"NUM":{"name":"NUM","value":10}} null undefined 2[H4=[|jvO@Z]5+jollu true
1488360512649 QiPa05,rYfYU7Q/9OuqS control_if {"CONDITION":{"name":"CONDITION","block":")/H@I|G?!=,tw|vX~iY4","shadow":null},"SUBSTACK":{"name":"SUBSTACK","block":"/MRNOckKl|BLUgsS0HYX","shadow":null}} {} null undefined T@A20`=mP.V3v^lwc6rU false
1488360512649 )/H@I|G?!=,tw|vX~iY4 sensing_touchingobject {"TOUCHINGOBJECTMENU":{"name":"TOUCHINGOBJECTMENU","block":"RYZN_iOTHN2Am[;V3-_q","shadow":"RYZN_iOTHN2Am[;V3-_q"}} {} null undefined QiPa05,rYfYU7Q/9OuqS false
1488360512649 RYZN_iOTHN2Am[;V3-_q sensing_touchingobjectmenu {} {"TOUCHINGOBJECTMENU":{"name":"TOUCHINGOBJECTMENU","value":"Stop"}} null undefined )/H@I|G?!=,tw|vX~iY4 true
1488360512649 /MRNOckKl|BLUgsS0HYX looks_switchbackdropto {"BACKDROP":{"name":"BACKDROP","block":"[_p9[kQt;Ykh][,s=nW^","shadow":"[_p9[kQt;Ykh][,s=nW^"}} {} null undefined QiPa05,rYfYU7Q/9OuqS false
1488360512649 [_p9[kQt;Ykh][,s=nW^ looks_backdrops {} {"BACKDROP":{"name":"BACKDROP","value":"level3"}} null undefined /MRNOckKl|BLUgsS0HYX true
1488360513692 `}l2i31TP8d^aN7WjaTT event_whenbackdropswitchesto {} {"BACKDROP":{"name":"BACKDROP","value":"level3"}} 6xCUX4hDX{CkB5)p-..6 undefined null false
1488360513692 6xCUX4hDX{CkB5)p-..6 motion_gotoxy {"X":{"name":"X","block":"Tp!*:*eOe,be2[t0xIeG","shadow":"Tp!*:*eOe,be2[t0xIeG"},"Y":{"name":"Y","block":"mDhQSV-U}N7).0p77sDs","shadow":"mDhQSV-U}N7).0p77sDs"}} {} null undefined `}l2i31TP8d^aN7WjaTT false
1488360513692 Tp!*:*eOe,be2[t0xIeG math_number {} {"NUM":{"name":"NUM","value":-203}} null undefined 6xCUX4hDX{CkB5)p-..6 true
1488360513692 mDhQSV-U}N7).0p77sDs math_number {} {"NUM":{"name":"NUM","value":143}} null undefined 6xCUX4hDX{CkB5)p-..6 true
1488360513692 y1B8Xb#i*3w],D+WjW*W event_whenflagclicked {} {} {1?CHt/xpNb9B;.4.`/^ undefined null false
1488360513692 {1?CHt/xpNb9B;.4.`/^ motion_gotoxy {"X":{"name":"X","block":"slw1w[bUnk7APwx0vb6A","shadow":"slw1w[bUnk7APwx0vb6A"},"Y":{"name":"Y","block":"GpuvhSHw}7]}6^KhYN?-","shadow":"GpuvhSHw}7]}6^KhYN?-"}} {} |EnW*@Z0}x5/[{]KTuC| undefined y1B8Xb#i*3w],D+WjW*W false
1488360513692 slw1w[bUnk7APwx0vb6A math_number {} {"NUM":{"name":"NUM","value":-195}} null undefined {1?CHt/xpNb9B;.4.`/^ true
1488360513692 GpuvhSHw}7]}6^KhYN?- math_number {} {"NUM":{"name":"NUM","value":143}} null undefined {1?CHt/xpNb9B;.4.`/^ true
1488360513692 |EnW*@Z0}x5/[{]KTuC| looks_show {} {} pbJlo^fom7c-n7ApSqf. undefined {1?CHt/xpNb9B;.4.`/^ false
1488360513692 pbJlo^fom7c-n7ApSqf. control_forever {"SUBSTACK":{"name":"SUBSTACK","block":"T@A20`=mP.V3v^lwc6rU","shadow":null}} {} null undefined |EnW*@Z0}x5/[{]KTuC| false
1488360513692 T@A20`=mP.V3v^lwc6rU control_if {"CONDITION":{"name":"CONDITION","block":"7=mRX;KqPV2~H?wjkbL|","shadow":null},"SUBSTACK":{"name":"SUBSTACK","block":"lsi;k=*,iCy}y,#w)9|W","shadow":null}} {} QiPa05,rYfYU7Q/9OuqS undefined pbJlo^fom7c-n7ApSqf. false
1488360513692 7=mRX;KqPV2~H?wjkbL| sensing_keypressed {"KEY_OPTION":{"name":"KEY_OPTION","block":"mlWC2z^70b-[lah;#tzG","shadow":"mlWC2z^70b-[lah;#tzG"}} {} null undefined T@A20`=mP.V3v^lwc6rU false
1488360513692 mlWC2z^70b-[lah;#tzG sensing_keyoptions {} {"KEY_OPTION":{"name":"KEY_OPTION","value":"down arrow"}} null undefined 7=mRX;KqPV2~H?wjkbL| true
1488360513692 lsi;k=*,iCy}y,#w)9|W motion_pointindirection {"DIRECTION":{"name":"DIRECTION","block":"j1-61Px(9g5[eDBp:DEB","shadow":"j1-61Px(9g5[eDBp:DEB"}} {} 2[H4=[|jvO@Z]5+jollu undefined T@A20`=mP.V3v^lwc6rU false
1488360513692 j1-61Px(9g5[eDBp:DEB math_angle {} {"NUM":{"name":"NUM","value":"-30"}} null undefined lsi;k=*,iCy}y,#w)9|W true
1488360513692 2[H4=[|jvO@Z]5+jollu motion_movesteps {"STEPS":{"name":"STEPS","block":"p,cl]:*uQ{Omi*I(`vwV","shadow":"p,cl]:*uQ{Omi*I(`vwV"}} {} null undefined lsi;k=*,iCy}y,#w)9|W false
1488360513692 p,cl]:*uQ{Omi*I(`vwV math_number {} {"NUM":{"name":"NUM","value":10}} null undefined 2[H4=[|jvO@Z]5+jollu true
1488360513692 QiPa05,rYfYU7Q/9OuqS control_if {"CONDITION":{"name":"CONDITION","block":")/H@I|G?!=,tw|vX~iY4","shadow":null},"SUBSTACK":{"name":"SUBSTACK","block":"/MRNOckKl|BLUgsS0HYX","shadow":null}} {} null undefined T@A20`=mP.V3v^lwc6rU false
1488360513692 )/H@I|G?!=,tw|vX~iY4 sensing_touchingobject {"TOUCHINGOBJECTMENU":{"name":"TOUCHINGOBJECTMENU","block":"RYZN_iOTHN2Am[;V3-_q","shadow":"RYZN_iOTHN2Am[;V3-_q"}} {} null undefined QiPa05,rYfYU7Q/9OuqS false
1488360513692 RYZN_iOTHN2Am[;V3-_q sensing_touchingobjectmenu {} {"TOUCHINGOBJECTMENU":{"name":"TOUCHINGOBJECTMENU","value":"Stop"}} null undefined )/H@I|G?!=,tw|vX~iY4 true
1488360513692 /MRNOckKl|BLUgsS0HYX looks_switchbackdropto {"BACKDROP":{"name":"BACKDROP","block":"[_p9[kQt;Ykh][,s=nW^","shadow":"[_p9[kQt;Ykh][,s=nW^"}} {} null undefined QiPa05,rYfYU7Q/9OuqS false
1488360513692 [_p9[kQt;Ykh][,s=nW^ looks_backdrops {} {"BACKDROP":{"name":"BACKDROP","value":"level3"}} null undefined /MRNOckKl|BLUgsS0HYX true
